theoretical_quantile,sample_quantile
-4.009507,-59.952317
-3.742033,-39.295973
-3.611672,-17.141653
-3.523479,-14.375911
-3.456317,-10.815908
-3.401854,-10.669285
-3.355927,-9.134979
-3.316144,-7.201467
-3.281005,-7.123364
-3.249503,-7.110500
-3.220928,-6.997480
-3.194764,-6.973534
-3.170619,-6.796638
-3.148192,-6.649608
-3.127245,-6.563218
-3.107586,-6.310568
-3.089060,-6.257897
-3.071536,-5.782539
-3.054908,-5.677619
-3.039084,-5.588102
-3.023986,-5.436878
-3.009548,-5.293679
-2.995711,-5.246193
-2.982425,-5.017797
-2.969645,-4.914263
-2.957332,-4.802956
-2.945453,-4.652464
-2.933975,-4.624478
-2.922870,-4.624478
-2.912115,-4.615775
-2.901687,-4.510539
-2.891565,-4.357671
-2.881731,-4.355332
-2.872168,-4.337567
-2.862860,-4.323015
-2.853794,-4.298787
-2.844957,-4.246037
-2.836337,-4.049399
-2.827922,-4.046458
-2.819703,-3.975755
-2.811670,-3.938058
-2.803814,-3.780415
-2.796128,-3.768462
-2.788604,-3.754109
-2.781234,-3.739643
-2.774012,-3.734355
-2.766932,-3.732132
-2.759988,-3.661862
-2.753175,-3.659095
-2.746487,-3.585287
-2.739920,-3.572705
-2.733468,-3.551743
-2.727129,-3.539875
-2.720897,-3.497032
-2.714770,-3.497032
-2.708742,-3.491750
-2.702812,-3.466799
-2.696975,-3.460389
-2.691228,-3.444919
-2.685569,-3.424508
-2.679995,-3.354939
-2.674502,-3.321206
-2.669089,-3.315829
-2.663754,-3.298407
-2.658493,-3.288147
-2.653304,-3.251562
-2.648187,-3.236604
-2.643137,-3.236604
-2.638154,-3.233680
-2.633236,-3.230607
-2.628380,-3.208316
-2.623586,-3.180520
-2.618851,-3.176287
-2.614175,-3.162256
-2.609555,-3.153203
-2.604989,-3.122746
-2.600478,-3.111213
-2.596019,-3.093927
-2.591611,-3.091854
-2.587252,-3.074002
-2.582942,-3.074002
-2.578680,-2.985322
-2.574464,-2.984763
-2.570293,-2.982029
-2.566167,-2.918531
-2.562084,-2.916052
-2.558043,-2.914868
-2.554043,-2.911519
-2.550084,-2.897598
-2.546164,-2.896213
-2.542283,-2.853518
-2.538441,-2.836566
-2.534635,-2.836566
-2.530865,-2.790713
-2.527131,-2.757693
-2.523432,-2.756735
-2.519768,-2.745697
-2.516136,-2.738948
-2.512538,-2.727361
-2.508972,-2.705969
-2.505438,-2.697690
-2.501934,-2.633238
-2.498461,-2.633238
-2.495018,-2.612434
-2.491604,-2.608313
-2.488219,-2.601406
-2.484863,-2.593805
-2.481534,-2.566355
-2.478232,-2.548020
-2.474957,-2.525963
-2.471708,-2.507449
-2.468486,-2.505007
-2.465289,-2.502791
-2.462116,-2.475542
-2.458969,-2.457150
-2.455845,-2.457150
-2.452745,-2.457150
-2.449669,-2.457150
-2.446616,-2.439030
-2.443585,-2.437973
-2.440577,-2.417957
-2.437590,-2.398827
-2.434625,-2.394503
-2.431682,-2.393147
-2.428759,-2.389870
-2.425857,-2.372548
-2.422975,-2.366727
-2.420113,-2.352301
-2.417271,-2.352301
-2.414448,-2.352301
-2.411645,-2.347642
-2.408860,-2.332397
-2.406094,-2.325586
-2.403346,-2.319314
-2.400616,-2.316361
-2.397904,-2.310059
-2.395209,-2.310059
-2.392532,-2.303166
-2.389871,-2.292118
-2.387228,-2.287241
-2.384601,-2.274659
-2.381990,-2.274659
-2.379396,-2.272214
-2.376817,-2.271916
-2.374255,-2.256044
-2.371707,-2.241116
-2.369175,-2.229974
-2.366658,-2.223847
-2.364156,-2.210814
-2.361669,-2.210814
-2.359196,-2.210814
-2.356738,-2.199789
-2.354293,-2.197855
-2.351863,-2.173773
-2.349447,-2.153259
-2.347044,-2.140793
-2.344654,-2.122445
-2.342278,-2.117430
-2.339915,-2.112023
-2.337566,-2.108856
-2.335228,-2.099838
-2.332904,-2.098627
-2.330592,-2.087373
-2.328293,-2.080771
-2.326006,-2.077132
-2.323730,-2.069746
-2.321467,-2.069746
-2.319216,-2.062216
-2.316976,-2.057112
-2.314748,-2.053051
-2.312532,-2.030553
-2.310326,-2.012603
-2.308132,-2.002120
-2.305949,-1.999010
-2.303777,-1.992660
-2.301616,-1.991277
-2.299465,-1.985304
-2.297325,-1.969939
-2.295195,-1.963627
-2.293076,-1.959441
-2.290967,-1.957545
-2.288868,-1.956721
-2.286779,-1.945188
-2.284701,-1.938778
-2.282631,-1.938778
-2.280572,-1.928608
-2.278522,-1.924937
-2.276482,-1.910003
-2.274452,-1.888978
-2.272430,-1.885749
-2.270418,-1.878489
-2.268415,-1.872942
-2.266421,-1.872942
-2.264436,-1.870957
-2.262460,-1.863636
-2.260493,-1.860308
-2.258534,-1.854946
-2.256584,-1.851980
-2.254643,-1.850944
-2.252710,-1.850098
-2.250785,-1.844474
-2.248869,-1.841674
-2.246961,-1.841674
-2.245061,-1.841674
-2.243169,-1.837992
-2.241285,-1.833327
-2.239409,-1.817923
-2.237541,-1.817718
-2.235681,-1.814940
-2.233828,-1.796684
-2.231983,-1.791821
-2.230146,-1.784231
-2.228316,-1.778069
-2.226494,-1.778069
-2.224678,-1.772627
-2.222871,-1.771168
-2.221070,-1.768298
-2.219277,-1.766804
-2.217490,-1.753841
-2.215711,-1.753841
-2.213939,-1.748935
-2.212174,-1.737271
-2.210415,-1.734380
-2.208664,-1.721012
-2.206919,-1.720186
-2.205180,-1.715659
-2.203449,-1.712995
-2.201724,-1.701673
-2.200005,-1.697788
-2.198293,-1.693835
-2.196588,-1.689975
-2.194889,-1.683589
-2.193196,-1.674010
-2.191509,-1.667112
-2.189829,-1.667112
-2.188154,-1.658909
-2.186486,-1.657248
-2.184824,-1.655176
-2.183168,-1.652178
-2.181518,-1.648992
-2.179874,-1.645917
-2.178236,-1.636761
-2.176603,-1.631575
-2.174976,-1.628579
-2.173355,-1.627707
-2.171740,-1.627373
-2.170131,-1.623217
-2.168527,-1.622057
-2.166928,-1.621300
-2.165335,-1.613530
-2.163748,-1.613349
-2.162166,-1.611154
-2.160589,-1.601135
-2.159018,-1.601135
-2.157452,-1.601135
-2.155891,-1.601135
-2.154335,-1.601135
-2.152785,-1.583897
-2.151240,-1.581465
-2.149700,-1.575730
-2.148165,-1.573732
-2.146635,-1.568618
-2.145110,-1.568179
-2.143590,-1.567027
-2.142076,-1.555979
-2.140565,-1.548700
-2.139060,-1.543542
-2.137560,-1.537397
-2.136064,-1.531566
-2.134574,-1.529436
-2.133087,-1.527265
-2.131606,-1.518508
-2.130129,-1.518508
-2.128657,-1.517683
-2.127190,-1.516272
-2.125727,-1.516272
-2.124268,-1.515108
-2.122815,-1.504614
-2.121365,-1.504134
-2.119920,-1.502996
-2.118480,-1.499931
-2.117043,-1.499167
-2.115612,-1.494668
-2.114184,-1.492830
-2.112761,-1.489950
-2.111342,-1.488590
-2.109927,-1.483233
-2.108517,-1.482034
-2.107111,-1.480810
-2.105708,-1.479487
-2.104310,-1.478543
-2.102916,-1.472904
-2.101527,-1.472904
-2.100141,-1.472904
-2.098759,-1.472904
-2.097381,-1.465413
-2.096007,-1.463140
-2.094638,-1.461202
-2.093272,-1.459914
-2.091910,-1.453504
-2.090551,-1.450922
-2.089197,-1.439957
-2.087847,-1.439957
-2.086500,-1.437484
-2.085157,-1.427187
-2.083818,-1.424860
-2.082482,-1.424030
-2.081150,-1.419413
-2.079822,-1.416198
-2.078498,-1.412405
-2.077177,-1.411259
-2.075860,-1.409686
-2.074546,-1.407642
-2.073236,-1.405377
-2.071930,-1.403335
-2.070627,-1.397166
-2.069328,-1.382333
-2.068032,-1.380761
-2.066739,-1.380761
-2.065450,-1.379852
-2.064164,-1.377314
-2.062882,-1.375026
-2.061603,-1.370959
-2.060328,-1.370253
-2.059056,-1.363699
-2.057787,-1.363699
-2.056521,-1.363699
-2.055259,-1.363699
-2.054000,-1.361596
-2.044044,-1.343774
-2.034286,-1.325104
-2.024719,-1.299472
-2.015333,-1.288295
-2.006121,-1.269576
-1.997077,-1.250398
-1.988193,-1.236190
-1.979463,-1.219093
-1.970881,-1.210228
-1.962443,-1.194035
-1.954141,-1.184287
-1.945972,-1.172473
-1.937932,-1.162593
-1.930014,-1.156184
-1.922216,-1.137850
-1.914532,-1.120820
-1.906960,-1.106010
-1.899496,-1.098932
-1.892137,-1.085424
-1.884878,-1.073471
-1.877717,-1.063976
-1.870652,-1.056845
-1.863678,-1.041882
-1.856794,-1.026655
-1.849997,-1.017124
-1.843284,-1.007907
-1.836654,-1.002675
-1.830103,-0.994929
-1.823630,-0.987302
-1.817232,-0.979352
-1.810908,-0.971577
-1.804655,-0.968735
-1.798472,-0.956149
-1.792357,-0.949978
-1.786309,-0.937871
-1.780325,-0.926600
-1.774404,-0.918192
-1.768545,-0.909936
-1.762746,-0.902228
-1.757005,-0.897826
-1.751322,-0.889930
-1.745695,-0.887433
-1.740122,-0.880056
-1.734603,-0.874839
-1.729137,-0.867930
-1.723721,-0.861396
-1.718356,-0.853113
-1.713040,-0.847912
-1.707772,-0.842979
-1.702550,-0.836591
-1.697375,-0.828519
-1.692245,-0.824661
-1.687159,-0.817995
-1.682116,-0.813175
-1.677115,-0.810410
-1.672157,-0.808016
-1.667238,-0.804581
-1.662360,-0.800207
-1.657522,-0.793307
-1.652721,-0.788340
-1.647959,-0.784254
-1.643233,-0.779197
-1.638544,-0.770873
-1.633891,-0.767314
-1.629273,-0.765086
-1.624689,-0.760760
-1.620140,-0.757716
-1.615623,-0.753012
-1.611139,-0.746631
-1.606688,-0.744192
-1.602268,-0.740408
-1.597879,-0.738021
-1.593520,-0.734840
-1.589192,-0.731300
-1.584893,-0.727445
-1.580624,-0.721738
-1.576383,-0.719973
-1.572170,-0.717051
-1.567985,-0.714730
-1.563827,-0.709806
-1.559696,-0.704468
-1.555591,-0.699447
-1.551513,-0.696520
-1.547460,-0.691886
-1.543432,-0.688006
-1.539430,-0.684169
-1.535452,-0.677813
-1.531497,-0.674606
-1.527567,-0.669833
-1.523660,-0.665780
-1.519777,-0.661583
-1.515916,-0.659642
-1.512078,-0.657286
-1.508261,-0.653638
-1.504467,-0.649007
-1.500694,-0.646888
-1.496942,-0.644883
-1.493212,-0.641659
-1.489502,-0.639470
-1.485812,-0.637153
-1.482142,-0.635614
-1.478493,-0.632799
-1.474863,-0.628492
-1.471252,-0.625982
-1.467660,-0.623860
-1.464087,-0.620742
-1.460533,-0.619195
-1.456997,-0.616889
-1.453480,-0.614210
-1.449980,-0.612004
-1.446497,-0.610071
-1.443033,-0.609110
-1.439585,-0.607387
-1.436155,-0.603403
-1.432741,-0.600450
-1.429344,-0.598497
-1.425963,-0.596879
-1.422599,-0.595041
-1.419251,-0.593670
-1.415918,-0.590946
-1.412601,-0.588920
-1.409300,-0.585937
-1.406014,-0.583011
-1.402742,-0.579996
-1.399486,-0.578127
-1.396245,-0.575116
-1.393018,-0.570657
-1.389806,-0.568767
-1.386608,-0.566994
-1.383424,-0.565244
-1.380254,-0.563378
-1.377098,-0.561188
-1.373956,-0.558337
-1.370827,-0.556749
-1.367711,-0.553493
-1.364609,-0.552109
-1.361520,-0.549362
-1.358443,-0.548271
-1.355380,-0.547546
-1.352329,-0.544716
-1.349290,-0.543280
-1.346265,-0.541896
-1.343251,-0.539695
-1.340249,-0.538314
-1.337260,-0.536264
-1.334282,-0.534470
-1.331317,-0.532096
-1.328362,-0.529946
-1.325420,-0.528332
-1.322489,-0.525816
-1.319569,-0.525066
-1.316660,-0.522616
-1.313763,-0.520567
-1.310876,-0.518410
-1.308001,-0.516229
-1.305136,-0.514457
-1.302281,-0.513153
-1.299438,-0.511209
-1.296605,-0.510565
-1.293782,-0.509793
-1.290969,-0.507295
-1.288167,-0.505591
-1.285375,-0.504206
-1.282592,-0.502756
-1.279820,-0.501458
-1.277057,-0.500776
-1.274305,-0.498740
-1.271561,-0.497392
-1.268828,-0.495566
-1.266103,-0.493686
-1.263388,-0.491769
-1.260683,-0.490760
-1.257986,-0.487971
-1.255299,-0.486865
-1.252621,-0.485824
-1.249951,-0.483243
-1.247291,-0.480281
-1.244639,-0.478013
-1.241996,-0.476774
-1.239362,-0.475952
-1.236736,-0.474724
-1.234119,-0.473284
-1.231510,-0.471213
-1.228910,-0.467941
-1.226318,-0.466365
-1.223734,-0.465911
-1.221158,-0.464441
-1.218590,-0.462012
-1.216031,-0.460361
-1.213479,-0.458523
-1.210935,-0.456284
-1.208399,-0.455461
-1.205871,-0.454406
-1.203350,-0.451434
-1.200837,-0.450132
-1.198332,-0.449363
-1.195834,-0.448865
-1.193343,-0.447500
-1.190860,-0.445936
-1.188384,-0.443457
-1.185916,-0.441330
-1.183454,-0.439223
-1.181000,-0.437552
-1.178553,-0.436445
-1.176113,-0.435070
-1.173680,-0.433995
-1.171254,-0.433022
-1.168834,-0.431893
-1.166422,-0.430994
-1.164016,-0.429987
-1.161617,-0.428985
-1.159225,-0.427277
-1.156839,-0.426006
-1.154460,-0.424695
-1.152088,-0.423068
-1.149722,-0.421683
-1.147362,-0.420307
-1.145008,-0.419452
-1.142661,-0.418260
-1.140321,-0.417075
-1.137986,-0.416054
-1.135658,-0.414892
-1.133336,-0.413561
-1.131020,-0.412942
-1.128710,-0.412237
-1.126406,-0.411427
-1.124107,-0.410922
-1.121815,-0.410017
-1.119529,-0.408965
-1.117249,-0.407456
-1.114974,-0.406257
-1.112705,-0.404471
-1.110442,-0.402811
-1.108184,-0.400947
-1.105933,-0.400075
-1.103686,-0.398631
-1.101446,-0.397483
-1.099210,-0.395773
-1.096981,-0.394078
-1.094756,-0.393356
-1.092538,-0.392026
-1.090324,-0.390732
-1.088116,-0.389333
-1.085913,-0.388259
-1.083715,-0.387441
-1.081523,-0.386424
-1.079336,-0.385817
-1.077154,-0.384498
-1.074977,-0.382962
-1.072805,-0.382079
-1.070638,-0.381024
-1.068476,-0.379453
-1.066319,-0.378253
-1.064168,-0.377024
-1.062021,-0.375965
-1.059879,-0.375326
-1.057741,-0.373946
-1.055609,-0.373118
-1.053481,-0.372472
-1.051358,-0.371788
-1.049240,-0.370718
-1.047127,-0.369301
-1.045018,-0.368807
-1.042914,-0.367661
-1.040814,-0.366847
-1.038720,-0.365784
-1.036629,-0.364877
-1.034543,-0.363526
-1.032462,-0.362631
-1.030385,-0.361246
-1.028312,-0.359678
-1.026244,-0.358743
-1.024181,-0.357581
-1.022121,-0.356888
-1.020066,-0.355052
-1.018016,-0.354358
-1.015969,-0.353235
-1.013927,-0.352518
-1.011889,-0.351500
-1.009855,-0.350543
-1.007826,-0.349434
-1.005800,-0.348882
-1.003779,-0.348132
-1.001762,-0.347236
-0.999748,-0.346583
-0.997739,-0.345931
-0.995734,-0.344912
-0.993733,-0.343991
-0.991736,-0.343279
-0.989743,-0.341333
-0.987753,-0.340356
-0.985768,-0.339758
-0.983786,-0.338567
-0.981809,-0.336797
-0.979835,-0.335627
-0.977865,-0.334176
-0.975899,-0.333096
-0.973936,-0.332261
-0.971977,-0.331596
-0.970022,-0.330405
-0.968071,-0.329616
-0.966124,-0.328636
-0.964180,-0.328050
-0.962239,-0.327175
-0.960303,-0.325727
-0.958369,-0.325368
-0.956440,-0.324479
-0.954514,-0.323580
-0.952592,-0.322466
-0.950673,-0.321460
-0.948757,-0.320760
-0.946845,-0.319054
-0.944937,-0.318345
-0.943032,-0.317514
-0.941130,-0.316758
-0.939232,-0.315942
-0.937337,-0.315131
-0.935445,-0.314592
-0.933557,-0.313254
-0.931672,-0.312304
-0.929791,-0.311048
-0.927912,-0.309956
-0.926037,-0.309305
-0.924166,-0.307894
-0.922297,-0.307048
-0.920432,-0.305455
-0.918570,-0.305154
-0.916711,-0.304193
-0.914855,-0.303477
-0.913002,-0.302630
-0.911153,-0.301535
-0.909307,-0.300224
-0.907463,-0.299247
-0.905623,-0.298600
-0.903786,-0.298036
-0.901952,-0.296834
-0.900121,-0.296038
-0.898293,-0.295247
-0.896468,-0.294460
-0.894646,-0.294068
-0.892826,-0.293521
-0.891010,-0.292510
-0.889197,-0.292123
-0.887387,-0.291866
-0.885579,-0.291352
-0.883775,-0.290476
-0.881973,-0.289823
-0.880174,-0.289020
-0.878378,-0.286998
-0.876585,-0.286316
-0.874795,-0.285884
-0.873008,-0.285330
-0.871223,-0.284313
-0.869441,-0.283790
-0.867662,-0.282894
-0.865885,-0.282205
-0.864112,-0.281835
-0.862341,-0.281452
-0.860572,-0.280974
-0.858807,-0.279552
-0.857044,-0.278244
-0.855283,-0.277271
-0.853526,-0.276749
-0.851771,-0.275369
-0.850018,-0.274684
-0.848269,-0.274003
-0.846521,-0.273325
-0.844777,-0.272448
-0.843035,-0.271591
-0.841295,-0.271144
-0.839558,-0.269795
-0.837824,-0.269106
-0.836092,-0.268670
-0.834363,-0.267959
-0.832636,-0.266938
-0.830911,-0.266447
-0.829189,-0.265760
-0.827470,-0.264805
-0.825753,-0.264261
-0.824038,-0.264045
-0.822326,-0.263122
-0.820616,-0.262538
-0.818909,-0.262111
-0.817204,-0.261049
-0.815501,-0.260466
-0.813801,-0.259821
-0.812103,-0.259211
-0.810407,-0.258604
-0.808714,-0.258301
-0.807023,-0.257398
-0.805334,-0.257398
-0.803648,-0.256601
-0.801964,-0.256204
-0.800282,-0.255611
-0.798603,-0.254486
-0.796925,-0.253848
-0.795250,-0.253113
-0.793577,-0.252509
-0.791907,-0.251765
-0.790238,-0.250964
-0.788572,-0.249970
-0.786908,-0.249469
-0.785246,-0.248944
-0.783587,-0.248145
-0.781929,-0.247588
-0.780274,-0.247242
-0.778621,-0.247034
-0.776970,-0.246153
-0.775321,-0.245715
-0.773674,-0.245206
-0.772029,-0.244689
-0.770386,-0.244086
-0.768745,-0.243763
-0.767107,-0.243303
-0.765470,-0.242844
-0.763836,-0.242159
-0.762204,-0.241630
-0.760573,-0.240734
-0.758945,-0.240577
-0.757318,-0.240054
-0.755694,-0.239533
-0.754072,-0.239015
-0.752451,-0.238241
-0.750833,-0.237473
-0.749216,-0.237167
-0.747602,-0.236709
-0.745989,-0.235951
-0.744379,-0.235448
-0.742770,-0.234448
-0.741163,-0.234022
-0.739558,-0.233457
-0.737955,-0.232670
-0.736354,-0.232230
-0.734755,-0.232083
-0.733158,-0.231136
-0.731562,-0.230413
-0.729969,-0.229722
-0.728377,-0.228624
-0.726787,-0.228366
-0.725199,-0.227995
-0.723613,-0.227213
-0.722029,-0.226415
-0.720446,-0.225267
-0.718865,-0.224443
-0.717286,-0.224101
-0.715709,-0.223233
-0.714134,-0.222697
-0.712560,-0.221739
-0.710988,-0.221295
-0.709418,-0.220411
-0.707850,-0.219535
-0.706283,-0.219100
-0.704718,-0.218234
-0.703155,-0.217803
-0.701593,-0.216777
-0.700034,-0.216381
-0.698476,-0.215978
-0.696919,-0.215571
-0.695365,-0.214838
-0.693812,-0.214143
-0.692260,-0.213591
-0.690710,-0.212768
-0.689162,-0.212359
-0.687616,-0.211789
-0.686071,-0.211079
-0.684528,-0.210658
-0.682987,-0.209968
-0.681447,-0.209010
-0.679909,-0.208686
-0.678372,-0.208353
-0.676837,-0.207961
-0.675304,-0.207180
-0.673772,-0.206560
-0.672242,-0.206098
-0.670713,-0.205461
-0.669186,-0.204874
-0.667660,-0.204722
-0.666136,-0.204268
-0.664614,-0.203929
-0.663093,-0.203365
-0.661573,-0.202867
-0.660056,-0.202471
-0.658539,-0.202026
-0.657024,-0.201773
-0.655511,-0.201143
-0.653999,-0.200268
-0.652489,-0.199833
-0.650980,-0.199568
-0.649473,-0.198969
-0.647967,-0.198384
-0.646462,-0.197900
-0.644959,-0.197369
-0.643458,-0.196666
-0.641958,-0.196142
-0.640459,-0.195448
-0.638962,-0.194759
-0.637466,-0.194348
-0.635972,-0.193989
-0.634479,-0.193443
-0.632988,-0.193124
-0.631498,-0.192720
-0.630009,-0.191966
-0.628522,-0.190723
-0.627036,-0.190394
-0.625551,-0.189740
-0.624068,-0.188491
-0.622586,-0.188026
-0.621106,-0.187486
-0.619627,-0.186851
-0.618149,-0.186221
-0.616673,-0.185673
-0.615198,-0.184755
-0.613724,-0.184049
-0.612252,-0.183133
-0.610781,-0.183133
-0.609311,-0.182528
-0.607843,-0.182227
-0.606376,-0.181841
-0.604910,-0.181329
-0.603446,-0.181032
-0.601982,-0.180618
-0.600520,-0.180146
-0.599060,-0.179853
-0.597601,-0.179561
-0.596143,-0.179062
-0.594686,-0.178473
-0.593230,-0.177826
-0.591776,-0.177581
-0.590323,-0.177037
-0.588871,-0.176645
-0.587421,-0.176245
-0.585971,-0.175938
-0.584523,-0.175379
-0.583077,-0.174787
-0.581631,-0.174220
-0.580186,-0.173542
-0.578743,-0.173225
-0.577301,-0.172818
-0.575861,-0.172356
-0.574421,-0.171310
-0.572983,-0.171211
-0.571545,-0.170616
-0.570109,-0.170418
-0.568674,-0.170025
-0.567241,-0.169633
-0.565808,-0.169114
-0.564377,-0.168855
-0.562947,-0.168084
-0.561518,-0.167473
-0.560090,-0.167067
-0.558663,-0.166563
-0.557237,-0.166187
-0.555813,-0.165896
-0.554389,-0.165565
-0.552967,-0.165070
-0.551546,-0.164400
-0.550126,-0.164133
-0.548707,-0.163603
-0.547289,-0.163240
-0.545872,-0.162639
-0.544457,-0.162162
-0.543042,-0.161755
-0.541629,-0.161350
-0.540216,-0.160980
-0.538805,-0.160746
-0.537395,-0.160571
-0.535986,-0.160346
-0.534578,-0.160047
-0.533171,-0.159552
-0.531765,-0.158668
-0.530360,-0.157987
-0.528956,-0.157649
-0.527553,-0.157178
-0.526151,-0.156476
-0.524751,-0.155979
-0.523351,-0.155649
-0.521952,-0.155321
-0.520554,-0.154885
-0.519158,-0.154022
-0.517762,-0.153807
-0.516367,-0.153380
-0.514974,-0.152744
-0.513581,-0.152113
-0.512189,-0.151736
-0.510799,-0.151279
-0.509409,-0.150743
-0.508020,-0.150250
-0.506633,-0.149640
-0.505246,-0.149303
-0.503860,-0.148793
-0.502475,-0.148433
-0.501092,-0.147837
-0.499709,-0.147541
-0.498327,-0.147128
-0.496946,-0.146660
-0.495566,-0.146368
-0.494187,-0.146078
-0.492809,-0.145644
-0.491431,-0.145042
-0.490055,-0.144549
-0.488680,-0.144171
-0.487305,-0.143796
-0.485932,-0.143422
-0.484559,-0.142958
-0.483188,-0.142497
-0.481817,-0.142131
-0.480447,-0.141475
-0.479078,-0.141351
-0.477710,-0.140772
-0.476343,-0.140397
-0.474976,-0.139970
-0.473611,-0.139440
-0.472247,-0.138764
-0.470883,-0.138287
-0.469520,-0.137873
-0.468158,-0.137359
-0.466797,-0.136645
-0.465437,-0.136174
-0.464078,-0.136021
-0.462719,-0.135672
-0.461362,-0.134844
-0.460005,-0.134450
-0.458649,-0.134189
-0.457294,-0.133863
-0.455940,-0.133218
-0.454586,-0.132897
-0.453234,-0.132182
-0.451882,-0.131630
-0.450531,-0.131273
-0.449181,-0.130773
-0.447832,-0.130541
-0.446484,-0.130080
-0.445136,-0.129775
-0.443789,-0.129531
-0.442443,-0.129168
-0.441098,-0.128806
-0.439754,-0.128396
-0.438410,-0.128013
-0.437067,-0.127823
-0.435725,-0.127380
-0.434384,-0.127087
-0.433043,-0.126505
-0.431704,-0.126158
-0.430365,-0.125642
-0.429027,-0.125300
-0.427689,-0.125002
-0.426353,-0.124790
-0.425017,-0.124229
-0.423682,-0.123831
-0.422347,-0.123286
-0.421014,-0.123121
-0.419681,-0.122793
-0.418349,-0.122304
-0.417017,-0.122033
-0.415687,-0.121497
-0.414357,-0.121336
-0.413028,-0.121017
-0.411699,-0.120700
-0.410372,-0.120362
-0.409045,-0.120044
-0.407718,-0.119914
-0.406393,-0.119396
-0.405068,-0.119138
-0.403744,-0.118626
-0.402421,-0.118372
-0.401098,-0.118220
-0.399776,-0.117890
-0.398455,-0.117616
-0.397134,-0.117167
-0.395814,-0.116787
-0.394495,-0.116500
-0.393176,-0.116132
-0.391859,-0.115646
-0.390541,-0.115164
-0.389225,-0.115044
-0.387909,-0.114775
-0.386594,-0.114401
-0.385279,-0.114117
-0.383966,-0.113800
-0.382652,-0.113275
-0.381340,-0.112858
-0.380028,-0.112582
-0.378717,-0.112171
-0.377406,-0.111898
-0.376097,-0.111356
-0.374787,-0.110887
-0.373479,-0.110554
-0.372171,-0.110223
-0.370863,-0.109785
-0.369557,-0.109170
-0.368251,-0.108669
-0.366945,-0.108534
-0.365640,-0.108088
-0.364336,-0.107751
-0.363033,-0.107332
-0.361730,-0.107124
-0.360427,-0.106556
-0.359126,-0.106095
-0.357825,-0.105689
-0.356524,-0.105487
-0.355224,-0.104887
-0.353925,-0.104293
-0.352626,-0.103998
-0.351328,-0.103705
-0.350031,-0.103317
-0.348734,-0.102932
-0.347437,-0.102693
-0.346141,-0.102360
-0.344846,-0.101701
-0.343552,-0.101420
-0.342258,-0.101142
-0.340964,-0.100865
-0.339671,-0.100315
-0.338379,-0.099592
-0.337087,-0.099234
-0.335796,-0.098879
-0.334505,-0.098439
-0.333215,-0.098176
-0.331926,-0.097915
-0.330637,-0.097785
-0.329348,-0.097526
-0.328061,-0.097361
-0.326773,-0.097140
-0.325486,-0.096504
-0.324200,-0.096001
-0.322915,-0.095793
-0.321629,-0.095297
-0.320345,-0.095010
-0.319061,-0.094644
-0.317777,-0.094160
-0.316494,-0.093523
-0.315211,-0.093207
-0.313929,-0.092855
-0.312648,-0.092427
-0.311367,-0.092042
-0.310086,-0.091661
-0.308806,-0.091267
-0.307527,-0.090907
-0.306248,-0.090683
-0.304969,-0.090460
-0.303691,-0.090018
-0.302414,-0.089871
-0.301137,-0.089363
-0.299861,-0.089003
-0.298585,-0.088717
-0.297309,-0.088292
-0.296034,-0.087661
-0.294759,-0.087246
-0.293485,-0.086766
-0.292212,-0.086360
-0.290939,-0.085524
-0.289666,-0.085031
-0.288394,-0.084330
-0.287122,-0.084060
-0.285851,-0.083869
-0.284580,-0.083489
-0.283310,-0.082925
-0.282040,-0.082664
-0.280770,-0.082307
-0.279501,-0.082002
-0.278233,-0.081638
-0.276965,-0.081398
-0.275697,-0.081099
-0.274430,-0.080744
-0.273163,-0.080391
-0.271897,-0.080129
-0.270631,-0.079868
-0.269366,-0.079638
-0.268101,-0.079523
-0.266836,-0.079182
-0.265572,-0.078843
-0.264308,-0.078506
-0.263045,-0.078173
-0.261782,-0.077843
-0.260520,-0.077515
-0.259258,-0.077298
-0.257996,-0.076708
-0.256735,-0.076390
-0.255474,-0.075762
-0.254213,-0.075451
-0.252953,-0.074991
-0.251694,-0.074686
-0.250435,-0.074385
-0.249176,-0.074160
-0.247917,-0.073789
-0.246659,-0.073436
-0.245402,-0.073009
-0.244144,-0.072198
-0.242888,-0.071683
-0.241631,-0.071359
-0.240375,-0.070947
-0.239119,-0.070404
-0.237864,-0.070136
-0.236609,-0.069959
-0.235354,-0.069694
-0.234100,-0.069475
-0.232846,-0.069171
-0.231593,-0.068698
-0.230340,-0.068316
-0.229087,-0.067980
-0.227835,-0.067730
-0.226582,-0.067317
-0.225331,-0.067072
-0.224079,-0.066587
-0.222828,-0.066268
-0.221578,-0.066030
-0.220328,-0.065638
-0.219078,-0.065405
-0.217828,-0.065174
-0.216579,-0.064602
-0.215330,-0.064041
-0.214081,-0.063709
-0.212833,-0.063271
-0.211585,-0.062839
-0.210337,-0.062520
-0.209090,-0.061682
-0.207843,-0.061069
-0.206597,-0.060567
-0.205350,-0.060270
-0.204104,-0.059684
-0.202859,-0.059300
-0.201613,-0.059015
-0.200368,-0.058546
-0.199124,-0.058238
-0.197879,-0.057811
-0.196635,-0.057451
-0.195391,-0.056918
-0.194148,-0.056396
-0.192904,-0.056224
-0.191662,-0.055883
-0.190419,-0.054938
-0.189177,-0.054559
-0.187935,-0.054344
-0.186693,-0.053920
-0.185451,-0.053685
-0.184210,-0.053296
-0.182969,-0.052687
-0.181729,-0.052165
-0.180488,-0.051944
-0.179248,-0.051653
-0.178009,-0.051080
-0.176769,-0.050799
-0.175530,-0.050659
-0.174291,-0.050520
-0.173052,-0.050313
-0.171814,-0.050108
-0.170576,-0.049770
-0.169338,-0.049569
-0.168100,-0.049172
-0.166863,-0.049041
-0.165626,-0.048717
-0.164389,-0.048461
-0.163152,-0.048144
-0.161916,-0.048019
-0.160680,-0.047688
-0.159444,-0.047159
-0.158208,-0.046800
-0.156973,-0.046387
-0.155738,-0.046213
-0.154503,-0.046097
-0.153268,-0.045830
-0.152034,-0.045678
-0.150800,-0.045566
-0.149566,-0.045360
-0.148332,-0.045193
-0.147098,-0.044945
-0.145865,-0.044646
-0.144632,-0.044324
-0.143399,-0.043901
-0.142166,-0.043693
-0.140934,-0.043487
-0.139702,-0.042980
-0.138470,-0.042436
-0.137238,-0.042001
-0.136006,-0.041716
-0.134775,-0.041481
-0.133544,-0.041249
-0.132313,-0.040974
-0.131082,-0.040702
-0.129852,-0.040346
-0.128621,-0.039852
-0.127391,-0.039314
-0.126161,-0.038899
-0.124931,-0.038654
-0.123702,-0.038017
-0.122472,-0.037476
-0.121243,-0.037099
-0.120014,-0.036839
-0.118785,-0.036620
-0.117556,-0.036153
-0.116328,-0.035664
-0.115099,-0.035322
-0.113871,-0.035187
-0.112643,-0.034723
-0.111415,-0.034336
-0.110188,-0.034019
-0.108960,-0.033585
-0.107733,-0.033073
-0.106506,-0.032750
-0.105279,-0.032519
-0.104052,-0.032067
-0.102825,-0.031681
-0.101599,-0.031146
-0.100372,-0.030706
-0.099146,-0.030352
-0.097920,-0.030080
-0.096694,-0.029597
-0.095468,-0.029268
-0.094243,-0.028655
-0.093017,-0.028109
-0.091792,-0.027875
-0.090567,-0.027359
-0.089342,-0.026939
-0.088117,-0.026571
-0.086892,-0.026119
-0.085667,-0.025863
-0.084443,-0.025576
-0.083218,-0.025400
-0.081994,-0.025090
-0.080770,-0.024820
-0.079546,-0.024523
-0.078322,-0.024393
-0.077098,-0.024265
-0.075874,-0.024170
-0.074650,-0.023919
-0.073427,-0.023827
-0.072204,-0.023613
-0.070980,-0.023256
-0.069757,-0.023053
-0.068534,-0.022881
-0.067311,-0.022713
-0.066088,-0.022341
-0.064865,-0.022114
-0.063643,-0.021930
-0.062420,-0.021724
-0.061198,-0.021446
-0.059975,-0.021007
-0.058753,-0.020027
-0.057531,-0.019255
-0.056309,-0.018785
-0.055087,-0.018338
-0.053865,-0.017162
-0.052643,-0.016637
-0.051421,-0.016300
-0.050199,-0.014452
-0.048978,-0.013857
-0.047756,-0.011179
-0.046535,-0.000037
-0.045313,-0.000037
-0.044092,-0.000037
-0.042871,-0.000037
-0.041649,-0.000037
-0.040428,-0.000037
-0.039207,-0.000037
-0.037986,-0.000037
-0.036765,-0.000037
-0.035544,-0.000037
-0.034323,-0.000037
-0.033102,-0.000037
-0.031882,-0.000037
-0.030661,-0.000037
-0.029440,-0.000037
-0.028220,-0.000037
-0.026999,-0.000037
-0.025778,-0.000037
-0.024558,-0.000037
-0.023337,-0.000037
-0.022117,-0.000037
-0.020896,-0.000037
-0.019676,-0.000037
-0.018456,-0.000037
-0.017235,-0.000037
-0.016015,-0.000037
-0.014795,-0.000037
-0.013574,-0.000037
-0.012354,-0.000037
-0.011134,-0.000037
-0.009914,-0.000037
-0.008694,-0.000037
-0.007473,-0.000037
-0.006253,-0.000037
-0.005033,-0.000037
-0.003813,-0.000037
-0.002593,-0.000037
-0.001373,-0.000037
-0.000153,-0.000037
0.001068,-0.000037
0.002288,-0.000037
0.003508,-0.000037
0.004728,-0.000037
0.005948,-0.000037
0.007168,-0.000037
0.008389,-0.000037
0.009609,-0.000037
0.010829,-0.000037
0.012049,-0.000037
0.013269,-0.000037
0.014490,-0.000037
0.015710,-0.000037
0.016930,-0.000037
0.018151,-0.000037
0.019371,-0.000037
0.020591,-0.000037
0.021812,-0.000037
0.023032,-0.000037
0.024253,-0.000037
0.025473,-0.000037
0.026694,-0.000037
0.027914,-0.000037
0.029135,-0.000037
0.030356,-0.000037
0.031576,-0.000037
0.032797,-0.000037
0.034018,-0.000037
0.035239,-0.000037
0.036460,-0.000037
0.037681,-0.000037
0.038902,-0.000037
0.040123,-0.000037
0.041344,-0.000037
0.042565,-0.000037
0.043787,-0.000037
0.045008,-0.000037
0.046229,-0.000037
0.047451,-0.000037
0.048672,-0.000037
0.049894,-0.000037
0.051116,-0.000037
0.052337,-0.000037
0.053559,-0.000037
0.054781,-0.000037
0.056003,-0.000037
0.057225,-0.000037
0.058448,-0.000037
0.059670,-0.000037
0.060892,-0.000037
0.062115,0.010639
0.063337,0.012367
0.064560,0.013498
0.065783,0.014737
0.067005,0.016326
0.068228,0.017088
0.069451,0.018300
0.070674,0.018540
0.071898,0.019002
0.073121,0.019696
0.074345,0.020217
0.075568,0.020909
0.076792,0.021522
0.078016,0.021908
0.079240,0.022119
0.080464,0.022444
0.081688,0.022555
0.082912,0.022638
0.084136,0.022892
0.085361,0.023123
0.086586,0.023599
0.087810,0.024001
0.089035,0.024223
0.090260,0.024448
0.091486,0.024712
0.092711,0.024981
0.093936,0.025222
0.095162,0.025431
0.096388,0.025573
0.097614,0.025680
0.098840,0.025789
0.100066,0.025935
0.101292,0.026194
0.102519,0.026612
0.103745,0.026865
0.104972,0.027043
0.106199,0.028056
0.107426,0.028338
0.108653,0.028737
0.109881,0.029101
0.111109,0.029428
0.112336,0.029907
0.113564,0.030153
0.114792,0.030453
0.116021,0.031098
0.117249,0.031937
0.118478,0.032274
0.119707,0.032502
0.120936,0.032734
0.122165,0.033328
0.123394,0.033664
0.124624,0.034165
0.125854,0.034649
0.127083,0.035113
0.128314,0.035383
0.129544,0.035658
0.130774,0.036079
0.132005,0.036364
0.133236,0.036728
0.134467,0.036950
0.135699,0.037174
0.136930,0.037631
0.138162,0.038100
0.139394,0.038661
0.140626,0.038989
0.141858,0.039577
0.143091,0.039749
0.144324,0.040009
0.145557,0.040360
0.146790,0.040538
0.148023,0.040718
0.149257,0.041082
0.150491,0.041267
0.151725,0.041453
0.152960,0.041831
0.154194,0.042119
0.155429,0.042607
0.156664,0.042906
0.157899,0.043413
0.159135,0.043567
0.160371,0.043879
0.161607,0.044196
0.162843,0.044680
0.164080,0.044789
0.165317,0.045119
0.166554,0.045397
0.167791,0.045566
0.169028,0.045623
0.170266,0.045793
0.171504,0.046081
0.172743,0.046489
0.173981,0.046785
0.175220,0.047205
0.176459,0.047449
0.177699,0.047820
0.178938,0.048323
0.180178,0.048643
0.181419,0.048967
0.182659,0.049229
0.183900,0.049628
0.185141,0.049966
0.186383,0.050400
0.187624,0.050724
0.188866,0.051077
0.190108,0.051506
0.191351,0.051943
0.192594,0.052164
0.193837,0.052612
0.195080,0.053068
0.196324,0.053688
0.197568,0.054323
0.198812,0.054728
0.200057,0.054973
0.201302,0.055193
0.202547,0.055471
0.203793,0.056046
0.205039,0.056408
0.206285,0.056669
0.207532,0.057601
0.208778,0.058102
0.210026,0.058379
0.211273,0.058721
0.212521,0.059162
0.213769,0.059417
0.215018,0.059804
0.216266,0.060393
0.217516,0.060994
0.218765,0.061711
0.220015,0.062445
0.221265,0.063160
0.222516,0.063415
0.223767,0.063966
0.225018,0.064415
0.226270,0.064641
0.227521,0.064946
0.228774,0.065157
0.230026,0.065564
0.231280,0.066273
0.232533,0.066573
0.233787,0.066937
0.235041,0.067366
0.236295,0.067614
0.237550,0.067939
0.238805,0.068581
0.240061,0.068924
0.241317,0.069270
0.242573,0.069620
0.243830,0.069884
0.245087,0.070062
0.246345,0.070465
0.247603,0.070736
0.248861,0.071147
0.250120,0.071423
0.251379,0.071702
0.252638,0.072265
0.253898,0.072622
0.255159,0.072934
0.256419,0.073274
0.257681,0.073567
0.258942,0.073788
0.260204,0.074161
0.261466,0.074612
0.262729,0.074916
0.263992,0.075223
0.265256,0.075687
0.266520,0.076068
0.267784,0.076263
0.269049,0.076687
0.270315,0.077116
0.271580,0.077659
0.272847,0.077988
0.274113,0.078480
0.275380,0.078881
0.276648,0.079107
0.277916,0.079335
0.279184,0.080002
0.280453,0.080375
0.281722,0.080846
0.282992,0.081204
0.284262,0.081806
0.285533,0.082019
0.286804,0.082294
0.288076,0.082913
0.289348,0.083414
0.290620,0.083794
0.291893,0.084178
0.293167,0.084565
0.294441,0.085153
0.295715,0.085350
0.296990,0.085949
0.298266,0.086312
0.299541,0.086488
0.300818,0.086658
0.302095,0.086965
0.303372,0.087448
0.304650,0.087936
0.305928,0.088217
0.307207,0.088643
0.308486,0.088928
0.309766,0.089288
0.311047,0.089724
0.312328,0.089943
0.313609,0.090386
0.314891,0.090832
0.316173,0.091283
0.317456,0.091624
0.318740,0.091891
0.320024,0.092663
0.321308,0.093015
0.322593,0.093539
0.323879,0.093926
0.325165,0.094206
0.326452,0.094814
0.327739,0.095305
0.329026,0.095677
0.330315,0.096195
0.331604,0.096455
0.332893,0.096810
0.334183,0.097237
0.335473,0.097581
0.336764,0.097841
0.338056,0.098207
0.339348,0.098840
0.340641,0.099482
0.341934,0.099698
0.343228,0.100378
0.344523,0.100515
0.345818,0.100790
0.347113,0.101067
0.348409,0.101533
0.349706,0.101767
0.351004,0.101908
0.352302,0.102476
0.353600,0.102819
0.354899,0.103166
0.356199,0.103748
0.357499,0.104514
0.358800,0.105262
0.360102,0.105615
0.361404,0.106021
0.362707,0.106481
0.364010,0.106697
0.365314,0.107101
0.366619,0.107571
0.367924,0.108204
0.369230,0.108524
0.370537,0.108684
0.371844,0.109168
0.373152,0.109602
0.374460,0.109951
0.375769,0.110701
0.377079,0.110980
0.378389,0.111316
0.379700,0.111688
0.381012,0.112096
0.382324,0.112508
0.383637,0.112853
0.384951,0.113026
0.386265,0.113355
0.387580,0.113550
0.388896,0.113901
0.390212,0.114509
0.391529,0.114850
0.392847,0.115186
0.394165,0.115330
0.395484,0.115693
0.396804,0.116058
0.398124,0.116303
0.399446,0.116425
0.400767,0.116795
0.402090,0.116888
0.403413,0.117167
0.404737,0.117542
0.406062,0.118108
0.407387,0.118756
0.408713,0.119218
0.410040,0.119840
0.411367,0.120013
0.412696,0.120428
0.414025,0.120626
0.415354,0.120890
0.416685,0.121155
0.418016,0.121422
0.419348,0.121623
0.420680,0.121905
0.422014,0.122229
0.423348,0.122718
0.424683,0.123047
0.426019,0.123460
0.427355,0.124155
0.428692,0.124547
0.430030,0.124716
0.431369,0.125225
0.432708,0.125567
0.434049,0.125911
0.435390,0.126431
0.436732,0.126721
0.438074,0.127086
0.439418,0.127600
0.440762,0.128193
0.442107,0.128642
0.443453,0.129093
0.444799,0.129548
0.446147,0.130006
0.447495,0.130351
0.448844,0.130931
0.450194,0.131634
0.451544,0.131870
0.452896,0.132186
0.454248,0.132631
0.455601,0.133465
0.456955,0.134082
0.458310,0.134277
0.459666,0.135365
0.461022,0.136099
0.462380,0.136571
0.463738,0.136978
0.465097,0.137284
0.466457,0.137684
0.467818,0.137971
0.469180,0.138317
0.470542,0.138839
0.471906,0.139630
0.473270,0.140251
0.474635,0.140608
0.476001,0.140967
0.477368,0.141510
0.478736,0.141972
0.480105,0.142607
0.481474,0.143162
0.482845,0.143721
0.484216,0.144285
0.485589,0.144968
0.486962,0.145426
0.488336,0.145656
0.489711,0.146391
0.491087,0.146780
0.492464,0.147054
0.493842,0.147763
0.495221,0.148027
0.496601,0.148479
0.497981,0.148787
0.499363,0.149289
0.500746,0.149768
0.502129,0.150176
0.503514,0.150792
0.504899,0.151163
0.506286,0.151412
0.507673,0.151753
0.509062,0.152353
0.510451,0.152810
0.511842,0.153305
0.513233,0.153733
0.514626,0.154064
0.516019,0.154378
0.517413,0.154811
0.518809,0.155247
0.520205,0.155575
0.521603,0.156125
0.523001,0.156568
0.524401,0.156902
0.525801,0.157574
0.527203,0.157912
0.528605,0.158184
0.530009,0.158821
0.531413,0.159556
0.532819,0.159973
0.534226,0.160671
0.535634,0.161275
0.537043,0.161680
0.538453,0.162087
0.539864,0.162087
0.541276,0.162445
0.542689,0.162908
0.544103,0.163238
0.545518,0.163528
0.546935,0.163893
0.548352,0.164503
0.549771,0.164995
0.551191,0.165242
0.552612,0.165739
0.554034,0.166113
0.555457,0.166489
0.556881,0.166993
0.558306,0.167500
0.559733,0.168010
0.561160,0.168010
0.562589,0.168394
0.564019,0.168891
0.565450,0.169385
0.566882,0.169872
0.568316,0.170272
0.569750,0.170607
0.571186,0.171136
0.572623,0.171572
0.574061,0.171936
0.575501,0.172512
0.576941,0.173014
0.578383,0.173650
0.579826,0.173969
0.581270,0.174381
0.582715,0.174934
0.584162,0.175212
0.585609,0.176050
0.587058,0.176291
0.588508,0.176776
0.589960,0.177181
0.591413,0.177752
0.592867,0.178096
0.594322,0.178491
0.595778,0.178788
0.597236,0.179137
0.598695,0.179486
0.600155,0.179925
0.601617,0.180662
0.603080,0.181255
0.604544,0.182153
0.606009,0.182831
0.607476,0.183241
0.608944,0.183843
0.610413,0.184205
0.611884,0.184899
0.613356,0.185365
0.614829,0.185677
0.616304,0.186304
0.617780,0.187252
0.619257,0.187970
0.620736,0.188451
0.622216,0.189081
0.623697,0.189861
0.625180,0.190649
0.626664,0.191045
0.628150,0.191975
0.629637,0.192847
0.631125,0.193405
0.632615,0.193659
0.634106,0.194273
0.635599,0.194684
0.637093,0.194942
0.638588,0.195374
0.640085,0.195869
0.641583,0.196347
0.643083,0.196767
0.644584,0.197613
0.646087,0.198180
0.647591,0.198895
0.649096,0.199254
0.650603,0.199976
0.652112,0.200193
0.653622,0.200755
0.655133,0.201436
0.656646,0.201804
0.658160,0.202333
0.659676,0.203291
0.661194,0.204043
0.662713,0.204421
0.664233,0.204990
0.665756,0.205563
0.667279,0.206023
0.668804,0.206718
0.670331,0.207106
0.671859,0.207417
0.673389,0.207886
0.674921,0.208180
0.676454,0.208771
0.677988,0.209464
0.679524,0.210044
0.681062,0.210664
0.682602,0.211067
0.684143,0.212081
0.685685,0.212694
0.687230,0.213104
0.688776,0.213517
0.690323,0.214218
0.691873,0.214624
0.693424,0.214823
0.694976,0.216024
0.696530,0.216448
0.698086,0.217471
0.699644,0.217729
0.701203,0.218489
0.702764,0.219286
0.704327,0.219752
0.705892,0.220337
0.707458,0.220999
0.709026,0.221398
0.710595,0.222110
0.712167,0.222708
0.713740,0.223008
0.715315,0.223686
0.716892,0.224368
0.718470,0.224882
0.720051,0.225131
0.721633,0.225745
0.723217,0.226141
0.724803,0.226757
0.726390,0.227139
0.727980,0.227741
0.729571,0.228235
0.731164,0.228550
0.732759,0.228956
0.734356,0.229500
0.735954,0.230184
0.737555,0.230700
0.739157,0.231134
0.740762,0.231425
0.742368,0.232074
0.743976,0.232680
0.745586,0.233778
0.747199,0.234374
0.748813,0.234973
0.750429,0.235661
0.752046,0.235876
0.753666,0.236382
0.755288,0.236635
0.756912,0.237398
0.758538,0.237705
0.760166,0.238424
0.761796,0.239162
0.763428,0.239607
0.765062,0.239875
0.766698,0.240502
0.768336,0.241449
0.769976,0.241858
0.771618,0.242404
0.773262,0.243044
0.774909,0.243688
0.776557,0.244336
0.778208,0.244769
0.779860,0.245313
0.781515,0.245547
0.783172,0.245969
0.784831,0.246960
0.786493,0.247564
0.788156,0.248171
0.789822,0.248965
0.791490,0.249835
0.793160,0.250321
0.794832,0.251298
0.796506,0.252035
0.798183,0.252728
0.799862,0.253424
0.801543,0.253774
0.803227,0.254652
0.804913,0.255537
0.806601,0.255714
0.808291,0.256606
0.809984,0.257324
0.811679,0.257724
0.813376,0.258639
0.815076,0.259950
0.816778,0.260564
0.818482,0.260974
0.820189,0.261988
0.821898,0.262764
0.823610,0.263646
0.825324,0.264187
0.827040,0.264730
0.828759,0.265686
0.830481,0.266098
0.832204,0.267133
0.833931,0.268239
0.835659,0.269032
0.837391,0.269777
0.839124,0.270287
0.840861,0.271236
0.842600,0.271503
0.844341,0.272000
0.846085,0.272575
0.847832,0.273386
0.849581,0.273928
0.851332,0.274610
0.853087,0.275197
0.854844,0.275983
0.856603,0.276675
0.858366,0.277510
0.860131,0.278579
0.861898,0.279073
0.863669,0.279831
0.865442,0.280735
0.867217,0.281329
0.868996,0.281856
0.870777,0.282893
0.872561,0.283497
0.874348,0.284238
0.876138,0.284625
0.877930,0.285256
0.879725,0.286525
0.881523,0.287215
0.883324,0.288047
0.885128,0.288612
0.886935,0.289179
0.888744,0.290100
0.890557,0.291278
0.892372,0.292048
0.894191,0.292584
0.896012,0.293045
0.897836,0.293758
0.899663,0.294610
0.901494,0.295568
0.903327,0.296418
0.905164,0.297560
0.907003,0.298479
0.908845,0.299714
0.910691,0.301132
0.912540,0.301850
0.914392,0.302867
0.916247,0.303662
0.918105,0.304748
0.919966,0.306370
0.921831,0.307352
0.923698,0.308367
0.925569,0.308632
0.927443,0.309505
0.929321,0.310274
0.931202,0.311324
0.933086,0.311852
0.934973,0.312872
0.936864,0.314518
0.938758,0.315288
0.940655,0.316320
0.942556,0.317686
0.944460,0.318406
0.946368,0.319063
0.948279,0.319988
0.950193,0.319988
0.952111,0.321106
0.954033,0.322392
0.955958,0.323054
0.957887,0.323743
0.959819,0.324695
0.961755,0.325653
0.963694,0.326617
0.965637,0.327885
0.967584,0.328561
0.969534,0.329401
0.971488,0.330035
0.973446,0.331024
0.975408,0.331522
0.977373,0.332270
0.979342,0.333525
0.981315,0.334198
0.983292,0.335239
0.985272,0.336064
0.987257,0.336987
0.989245,0.338493
0.991237,0.339162
0.993233,0.339874
0.995233,0.340732
0.997238,0.342090
0.999246,0.343917
1.001258,0.345407
1.003274,0.346969
1.005294,0.347631
1.007319,0.348609
1.009347,0.349445
1.011380,0.350469
1.013417,0.351585
1.015458,0.352709
1.017504,0.353839
1.019553,0.354977
1.021607,0.355549
1.023665,0.356780
1.025728,0.357577
1.027795,0.358048
1.029866,0.359018
1.031942,0.360274
1.034022,0.360987
1.036107,0.362070
1.038197,0.363631
1.040290,0.364351
1.042389,0.364351
1.044492,0.365385
1.046599,0.366425
1.048711,0.367587
1.050828,0.368733
1.052950,0.370051
1.055077,0.372270
1.057208,0.373221
1.059344,0.375081
1.061485,0.376275
1.063630,0.377257
1.065781,0.378778
1.067937,0.379379
1.070097,0.380950
1.072263,0.382096
1.074433,0.383331
1.076609,0.383946
1.078790,0.384509
1.080976,0.386012
1.083167,0.387367
1.085363,0.388856
1.087565,0.389711
1.089771,0.390530
1.091984,0.391488
1.094201,0.392882
1.096424,0.393915
1.098652,0.394700
1.100886,0.395699
1.103126,0.397122
1.105370,0.398077
1.107621,0.399458
1.109877,0.400545
1.112139,0.401748
1.114406,0.402857
1.116679,0.403590
1.118958,0.405207
1.121243,0.406183
1.123534,0.407382
1.125830,0.408478
1.128133,0.409397
1.130442,0.410848
1.132756,0.412163
1.135077,0.413486
1.137404,0.414521
1.139736,0.416159
1.142076,0.417237
1.144421,0.417395
1.146773,0.417820
1.149131,0.419976
1.151496,0.421781
1.153866,0.422993
1.156244,0.424737
1.158628,0.426087
1.161019,0.427360
1.163416,0.428466
1.165820,0.429578
1.168231,0.431678
1.170648,0.432948
1.173073,0.434023
1.175504,0.434808
1.177942,0.435510
1.180388,0.436685
1.182840,0.438756
1.185300,0.440199
1.187766,0.441861
1.190240,0.443382
1.192722,0.444573
1.195210,0.446456
1.197706,0.449704
1.200210,0.451544
1.202721,0.453314
1.205240,0.454332
1.207766,0.455354
1.210300,0.456587
1.212842,0.458449
1.215392,0.460012
1.217950,0.461937
1.220515,0.464660
1.223089,0.465836
1.225671,0.467103
1.228261,0.468804
1.230859,0.470603
1.233466,0.471809
1.236081,0.473465
1.238705,0.475292
1.241337,0.477938
1.243978,0.478975
1.246627,0.480821
1.249285,0.482557
1.251953,0.484653
1.254629,0.485972
1.257314,0.487435
1.260008,0.490091
1.262711,0.491210
1.265424,0.492144
1.268146,0.493979
1.270877,0.495405
1.273618,0.497318
1.276368,0.498441
1.279128,0.500702
1.281898,0.502015
1.284678,0.503071
1.287468,0.505517
1.290268,0.507609
1.293078,0.510347
1.295898,0.512151
1.298729,0.514196
1.301570,0.517121
1.304421,0.519506
1.307283,0.520430
1.310156,0.520781
1.313040,0.522699
1.315935,0.525165
1.318841,0.527249
1.321758,0.529179
1.324686,0.532398
1.327626,0.535303
1.330577,0.536638
1.333540,0.538567
1.336514,0.540325
1.339501,0.541821
1.342499,0.542538
1.345510,0.545218
1.348533,0.549288
1.351568,0.549288
1.354616,0.552587
1.357676,0.555927
1.360749,0.557049
1.363835,0.560443
1.366934,0.562984
1.370047,0.564951
1.373172,0.567781
1.376311,0.572061
1.379464,0.575041
1.382630,0.578269
1.385811,0.580078
1.389005,0.581708
1.392214,0.583399
1.395437,0.585499
1.398675,0.587279
1.401927,0.588417
1.405194,0.591686
1.408477,0.594967
1.411774,0.597728
1.415087,0.599397
1.418416,0.601919
1.421760,0.604036
1.425121,0.607312
1.428497,0.610479
1.431890,0.612706
1.435300,0.615439
1.438726,0.618317
1.442169,0.620779
1.445630,0.623786
1.449107,0.626822
1.452603,0.629888
1.456116,0.632362
1.459647,0.634543
1.463197,0.638212
1.466765,0.641585
1.470352,0.646624
1.473958,0.650754
1.477583,0.653941
1.481228,0.656146
1.484893,0.659831
1.488577,0.662820
1.492282,0.665441
1.496008,0.669164
1.499754,0.672660
1.503522,0.676547
1.507311,0.682303
1.511121,0.685020
1.514954,0.687267
1.518809,0.692048
1.522687,0.696175
1.526588,0.699452
1.530513,0.702712
1.534461,0.706875
1.538433,0.709021
1.542429,0.713665
1.546451,0.718142
1.550497,0.721664
1.554569,0.726045
1.558667,0.728387
1.562792,0.731795
1.566943,0.734632
1.571121,0.738710
1.575327,0.741043
1.579561,0.744118
1.583823,0.751129
1.588115,0.753495
1.592435,0.756275
1.596786,0.759128
1.601168,0.764507
1.605580,0.766117
1.610023,0.771809
1.614499,0.776744
1.619007,0.780958
1.623549,0.786145
1.628124,0.790581
1.632733,0.799489
1.637378,0.808542
1.642058,0.813204
1.646774,0.817920
1.651527,0.819656
1.656318,0.826399
1.661147,0.828977
1.666015,0.833808
1.670923,0.840338
1.675872,0.844194
1.680862,0.849007
1.685894,0.855978
1.690969,0.861507
1.696088,0.869464
1.701252,0.874054
1.706462,0.882550
1.711718,0.887440
1.717023,0.892626
1.722375,0.897751
1.727778,0.903631
1.733232,0.910446
1.738738,0.913971
1.744297,0.923854
1.749910,0.933172
1.755579,0.941396
1.761305,0.948234
1.767089,0.956075
1.772933,0.962811
1.778839,0.970791
1.784807,0.977237
1.790839,0.983040
1.796937,0.985584
1.803103,0.994854
1.809338,1.002080
1.815644,1.013118
1.822023,1.025672
1.828477,1.032066
1.835009,1.044569
1.841619,1.054910
1.848311,1.072170
1.855087,1.080817
1.861949,1.086240
1.868900,1.100684
1.875942,1.115517
1.883079,1.135450
1.890313,1.148690
1.897647,1.157452
1.905084,1.166028
1.912629,1.175858
1.920284,1.184213
1.928053,1.187537
1.935941,1.203072
1.943950,1.213656
1.952087,1.225912
1.960355,1.233386
1.968758,1.244950
1.977304,1.257106
1.985996,1.277518
1.994841,1.293858
2.003845,1.301850
2.013014,1.309678
2.022355,1.330736
2.031877,1.356917
2.041586,1.378223
2.051492,1.402624
2.055259,1.409048
2.056521,1.409341
2.057787,1.410092
2.059056,1.411942
2.060328,1.412725
2.061603,1.416124
2.062882,1.422208
2.064164,1.426107
2.065450,1.427113
2.066739,1.430619
2.068032,1.431875
2.069328,1.434534
2.070627,1.446668
2.071930,1.447076
2.073236,1.451691
2.074546,1.452770
2.075860,1.456170
2.077177,1.456738
2.078498,1.458232
2.079822,1.464144
2.081150,1.464452
2.082482,1.466306
2.083818,1.472830
2.085157,1.472830
2.086500,1.472830
2.087847,1.479064
2.089197,1.480239
2.090551,1.481010
2.091910,1.481304
2.093272,1.482327
2.094638,1.486054
2.096007,1.486054
2.097381,1.489876
2.098759,1.489876
2.100141,1.496805
2.101527,1.500135
2.102916,1.500294
2.104310,1.500294
2.105708,1.500563
2.107111,1.502921
2.108517,1.502921
2.109927,1.502921
2.111342,1.504258
2.112761,1.509088
2.114184,1.513227
2.115612,1.515034
2.117043,1.518974
2.118480,1.521574
2.119920,1.523675
2.121365,1.527045
2.122815,1.529711
2.124268,1.534269
2.125727,1.537645
2.127190,1.538854
2.128657,1.543467
2.130129,1.544442
2.131606,1.549183
2.133087,1.555904
2.134574,1.566953
2.136064,1.570671
2.137560,1.576110
2.139060,1.578159
2.140565,1.578159
2.142076,1.579348
2.143590,1.579898
2.145110,1.581391
2.146635,1.581930
2.148165,1.583823
2.149700,1.585720
2.151240,1.601060
2.152785,1.601060
2.154335,1.607889
2.155891,1.610732
2.157452,1.612762
2.159018,1.621226
2.160589,1.627299
2.162166,1.629435
2.163748,1.640004
2.165335,1.641906
2.166928,1.642457
2.168527,1.643459
2.170131,1.648917
2.171740,1.652445
2.173355,1.656906
2.174976,1.658834
2.176603,1.667781
2.178236,1.669935
2.179874,1.673936
2.181518,1.673936
2.183168,1.679817
2.184824,1.684892
2.186486,1.686054
2.188154,1.686054
2.189829,1.690665
2.191509,1.691041
2.193196,1.693204
2.194889,1.700865
2.196588,1.709858
2.198293,1.727195
2.200005,1.728782
2.201724,1.730191
2.203449,1.731743
2.205180,1.746524
2.206919,1.753767
2.208664,1.763110
2.210415,1.774929
2.212174,1.774929
2.213939,1.775861
2.215711,1.776359
2.217490,1.776879
2.219277,1.777995
2.221070,1.790361
2.222871,1.799540
2.224678,1.804134
2.226494,1.827151
2.228316,1.828517
2.230146,1.828517
2.231983,1.838190
2.233828,1.841600
2.235681,1.841600
2.237541,1.846003
2.239409,1.846467
2.241285,1.854871
2.243169,1.857102
2.245061,1.858022
2.246961,1.862666
2.248869,1.864951
2.250785,1.872868
2.252710,1.881997
2.254643,1.883528
2.256584,1.895860
2.258534,1.902869
2.260493,1.909929
2.262460,1.918471
2.264436,1.920698
2.266421,1.921814
2.268415,1.938703
2.270418,1.938703
2.272430,1.938703
2.274452,1.938703
2.276482,1.938703
2.278522,1.938703
2.280572,1.938703
2.282631,1.961690
2.284701,1.980476
2.286779,1.985229
2.288868,1.991202
2.290967,2.002046
2.293076,2.009340
2.295195,2.019490
2.297325,2.020668
2.299465,2.024091
2.301616,2.024091
2.303777,2.025485
2.305949,2.026119
2.308132,2.040946
2.310326,2.046627
2.312532,2.046627
2.314748,2.069672
2.316976,2.074120
2.319216,2.075514
2.321467,2.075514
2.323730,2.081390
2.326006,2.085325
2.328293,2.085325
2.330592,2.089484
2.332904,2.112606
2.335228,2.129085
2.337566,2.147036
2.339915,2.167290
2.342278,2.167290
2.344654,2.167290
2.347044,2.187129
2.349447,2.197186
2.351863,2.199715
2.354293,2.200777
2.356738,2.201147
2.359196,2.204426
2.361669,2.209311
2.364156,2.210740
2.366658,2.214777
2.369175,2.225613
2.371707,2.225613
2.374255,2.227919
2.376817,2.237657
2.379396,2.255970
2.381990,2.260595
2.384601,2.274585
2.387228,2.281100
2.389871,2.291322
2.392532,2.303091
2.395209,2.303091
2.397904,2.309384
2.400616,2.319240
2.403346,2.320541
2.406094,2.321274
2.408860,2.324584
2.411645,2.327399
2.414448,2.339747
2.417271,2.343137
2.420113,2.352226
2.422975,2.352226
2.425857,2.359973
2.428759,2.361386
2.431682,2.370618
2.434625,2.393072
2.437590,2.434925
2.440577,2.442230
2.443585,2.457076
2.446616,2.457076
2.449669,2.487316
2.452745,2.495213
2.455845,2.498849
2.458969,2.516466
2.462116,2.531124
2.465289,2.544326
2.468486,2.562526
2.471708,2.578803
2.474957,2.581361
2.478232,2.595952
2.481534,2.602081
2.484863,2.614425
2.488219,2.622720
2.491604,2.624983
2.495018,2.625636
2.498461,2.640172
2.501934,2.642181
2.505438,2.667931
2.508972,2.671459
2.512538,2.671459
2.516136,2.709148
2.519768,2.796005
2.523432,2.797215
2.527131,2.814201
2.530865,2.815781
2.534635,2.836492
2.538441,2.836492
2.542283,2.836492
2.546164,2.836492
2.550084,2.836492
2.554043,2.836492
2.558043,2.854126
2.562084,2.859740
2.566167,2.862500
2.570293,2.924493
2.574464,2.935051
2.578680,2.958353
2.582942,2.967460
2.587252,2.976424
2.591611,2.990476
2.596019,3.045596
2.600478,3.091181
2.604989,3.093853
2.609555,3.106438
2.614175,3.143599
2.618851,3.173572
2.623586,3.188338
2.628380,3.190813
2.633236,3.198923
2.638154,3.208242
2.643137,3.212035
2.648187,3.214932
2.653304,3.236529
2.658493,3.250015
2.663754,3.255667
2.669089,3.260741
2.674502,3.300823
2.679995,3.316963
2.685569,3.342393
2.691228,3.354864
2.696975,3.384329
2.702812,3.392688
2.708742,3.406771
2.714770,3.425579
2.720897,3.460314
2.727129,3.479336
2.733468,3.572630
2.739920,3.579270
2.746487,3.651661
2.753175,3.655177
2.759988,3.708741
2.766932,3.713276
2.774012,3.734280
2.781234,3.746390
2.788604,3.746390
2.796128,3.768388
2.803814,3.814275
2.811670,3.863680
2.819703,3.929943
2.827922,3.978687
2.836337,4.045600
2.844957,4.062683
2.853794,4.106030
2.862860,4.224365
2.872168,4.326404
2.881731,4.491341
2.891565,4.498152
2.901687,4.514742
2.912115,4.716065
2.922870,4.744280
2.933975,4.895011
2.945453,4.895011
2.957332,4.966757
2.969645,5.163562
2.982425,5.569133
2.995711,5.597760
3.009548,5.646556
3.023986,5.715250
3.039084,5.816891
3.054908,5.859834
3.071536,5.988065
3.089060,6.011284
3.107586,6.149620
3.127245,6.273358
3.148192,6.425307
3.170619,6.452405
3.194764,6.563143
3.220928,7.017512
3.249503,7.460932
3.281005,8.479430
3.316144,9.116958
3.355927,9.877647
3.401854,10.521411
3.456317,10.707909
3.523479,14.330266
3.611672,18.461739
3.742033,20.215543
4.009507,43.557437
